{"stats":{"minecraft:custom":{"minecraft:jump":54,"minecraft:time_since_rest":4006,"minecraft:damage_taken":150,"minecraft:leave_game":2,"minecraft:play_time":4006,"minecraft:sprint_one_cm":4376,"minecraft:time_since_death":4006,"minecraft:walk_on_water_one_cm":444,"minecraft:walk_one_cm":5579,"minecraft:total_world_time":4006,"minecraft:walk_under_water_one_cm":998,"minecraft:swim_one_cm":1506,"minecraft:fall_one_cm":2007,"minecraft:drop":8,"minecraft:fly_one_cm":15007},"minecraft:picked_up":{"minecraft:wheat_seeds":1,"minecraft:dirt":15},"minecraft:mined":{"minecraft:tall_grass":1,"minecraft:short_grass":4,"minecraft:grass_block":9,"minecraft:oak_leaves":2},"minecraft:dropped":{"minecraft:dirt":7,"minecraft:wheat_seeds":1}},"DataVersion":3839}