{"stats":{"minecraft:mined":{"minecraft:short_grass":2,"minecraft:tall_grass":1,"minecraft:grass_block":5,"minecraft:oak_leaves":2},"minecraft:custom":{"minecraft:jump":47,"minecraft:time_since_rest":3737,"minecraft:leave_game":1,"minecraft:walk_on_water_one_cm":444,"minecraft:sprint_one_cm":3999,"minecraft:play_time":3737,"minecraft:damage_taken":150,"minecraft:time_since_death":3737,"minecraft:walk_one_cm":4565,"minecraft:total_world_time":3737,"minecraft:walk_under_water_one_cm":998,"minecraft:swim_one_cm":1506,"minecraft:drop":8,"minecraft:fall_one_cm":2007,"minecraft:fly_one_cm":13458},"minecraft:dropped":{"minecraft:dirt":7,"minecraft:wheat_seeds":1},"minecraft:picked_up":{"minecraft:wheat_seeds":1,"minecraft:dirt":11}},"DataVersion":3839}