{"stats":{"minecraft:dropped":{"minecraft:dirt":47,"minecraft:stone":4,"minecraft:wheat_seeds":1,"minecraft:diorite":1,"minecraft:andesite":6,"minecraft:diamond_helmet":1,"minecraft:cobblestone":64,"minecraft:clay_ball":4,"minecraft:flint_and_steel":1,"minecraft:firework_rocket":1},"minecraft:mined":{"minecraft:short_grass":4,"minecraft:grass_block":9,"minecraft:tall_grass":1,"minecraft:oak_leaves":2},"minecraft:killed_by":{"minecraft:hoglin":1},"minecraft:custom":{"minecraft:time_since_rest":108,"minecraft:sprint_one_cm":9970,"minecraft:damage_taken":926,"minecraft:walk_one_cm":31978,"minecraft:drop":28,"minecraft:damage_dealt":50,"minecraft:swim_one_cm":5089,"minecraft:fly_one_cm":415115,"minecraft:open_chest":1,"minecraft:crouch_one_cm":298,"minecraft:play_time":25554,"minecraft:deaths":3,"minecraft:sneak_time":685,"minecraft:walk_under_water_one_cm":3685,"minecraft:boat_one_cm":1890,"minecraft:aviate_one_cm":556272,"minecraft:jump":130,"minecraft:leave_game":3,"minecraft:time_since_death":0,"minecraft:walk_on_water_one_cm":1695,"minecraft:total_world_time":25554,"minecraft:climb_one_cm":95,"minecraft:fall_one_cm":7760},"minecraft:used":{"minecraft:diorite":18,"minecraft:diamond_boots":1,"minecraft:firework_rocket":30,"minecraft:flint_and_steel":36,"minecraft:wither_skeleton_skull":10,"minecraft:elytra":2,"minecraft:stone":4,"minecraft:diamond_chestplate":1,"minecraft:spyglass":10,"minecraft:dirt":6,"minecraft:soul_sand":12,"minecraft:tnt":124,"minecraft:diamond_helmet":1,"minecraft:diamond_leggings":1,"minecraft:oak_chest_boat":1,"minecraft:obsidian":21},"minecraft:picked_up":{"minecraft:raw_iron":1,"minecraft:stone":3,"minecraft:clay_ball":68,"minecraft:andesite":6,"minecraft:gravel":6,"minecraft:wither_rose":1,"minecraft:lily_pad":3,"minecraft:dirt":47,"minecraft:soul_soil":42,"minecraft:raw_copper":13,"minecraft:flint_and_steel":1,"minecraft:wheat_seeds":1,"minecraft:granite":2,"minecraft:diamond_helmet":1,"minecraft:moss_block":21,"minecraft:netherrack":46,"minecraft:cobblestone":100}},"DataVersion":3839}